question_id,question,optimized_query,rank,doc_id,rerank_score,distance,chunking_method,chunk_format,source_file,page,parent_title,document_type,table_id,table_kind,row_index,text_chars,looks_tabular,text_preview
1,Quel est le taux de la prime de rendement pour les personnels de soutien à la recherche ?,Taux légal de la prime de rendement pour les agents de soutien à la recherche en Algérie,1,F2012007.txt_regex_doc_9_art_2,0.9990234375,0.7451643943786621,regex,article,F2012007.txt,21,Décret exécutif n° 12-22 du 23 Safar 1433 correspondant au 17 janvier 2012 instituant le régime indemnitaire des fonctionnaires appartenant aux corps des personnels de soutien à la recherche.,Décret,,,,547,False,"Source: Décret exécutif n° 12-22 du 23 Safar 1433 correspondant au 17 janvier 2012 instituant le régime indemnitaire des fonctionnaires appartenant aux corps des personnels de soutien à la recherche. Contenu: Art. 3. — La prime de rendement, calculée au taux variable de zéro (0) à trente pour cent (30%) du traitement, est servie, trimestriellement, aux fonctionnaires cités à l'article 2 ci-dessus. Le service de la prime de rendement est soumis à une notation selon des critères fixés par arrêté du ministre chargé de la recherche scientifique."
1,Quel est le taux de la prime de rendement pour les personnels de soutien à la recherche ?,Taux légal de la prime de rendement pour les agents de soutien à la recherche en Algérie,2,F2010010.txt_regex_doc_21_art_1,0.1748046875,0.8842454552650452,regex,article,F2010010.txt,131,"Décret exécutif n° 10-60 du 9 Safar 1431 correspondant au 25 janvier 2010 portant répartition des crédits ouverts, au titre du budget de fonctionnement, par la loi de finances pour 2010, au ministre de l'enseignement supérieur et de la recherche scientifique.",Décret,,,,14934,True,"Source: Décret exécutif n° 10-60 du 9 Safar 1431 correspondant au 25 janvier 2010 portant répartition des crédits ouverts, au titre du budget de fonctionnement, par la loi de finances pour 2010, au ministre de l'enseignement supérieur et de la recherche scientifique. Contenu: Art. 2. — Le ministre des finances et le ministre de l'enseignement supérieur et de la recherche scientifique sont chargés, chacun en ce qui le concerne, de l'exécution du présent décret qui sera publié au Journal officiel de la République algérienne démocratique et populaire. Fait à Alger, le 9 Safar 1431 correspondant au 25 janvier 2010. Ahmed OUYAHIA. Nos DES CHAPITRES LIBELLES CREDITS OUVERTS EN DA SECTION I ADMINIS"
1,Quel est le taux de la prime de rendement pour les personnels de soutien à la recherche ?,Taux légal de la prime de rendement pour les agents de soutien à la recherche en Algérie,3,F2009008.txt_regex_doc_21_art_1,0.1541748046875,0.8913276195526123,regex,article,F2009008.txt,128,"Décret exécutif 09-48 du 29 Moharram 1430 correspondant au 26 janvier 2009 portant répartition des crédits ouverts, au titre du budget de fonctionnement, par la loi de finances pour 2009, au ministre de l'enseignement supérieur et de la recherche scientifique.",Décret,,,,15497,True,"Source: Décret exécutif 09-48 du 29 Moharram 1430 correspondant au 26 janvier 2009 portant répartition des crédits ouverts, au titre du budget de fonctionnement, par la loi de finances pour 2009, au ministre de l'enseignement supérieur et de la recherche scientifique. Contenu: Art. 2. — Le ministre des finances et le ministre de l'enseignement supérieur et de la recherche scientifique sont chargés, chacun en ce qui le concerne, de l'exécution du présent décret qui sera publié au Journal officiel de la République algérienne démocratique et populaire. Fait à Alger, le 29 Moharram 1430 correspondant au 26 janvier 2009. Ahmed OUYAHIA. Nos DES CHAPITRES LIBELLES CREDITS OUVERTS EN DA SECTION I AD"
1,Quel est le taux de la prime de rendement pour les personnels de soutien à la recherche ?,Taux légal de la prime de rendement pour les agents de soutien à la recherche en Algérie,4,F2007009.txt_regex_doc_21_art_1,0.07720947265625,0.8506949543952942,regex,article,F2007009.txt,126,"Décret exécutif n° 07-45 du 11 Moharram 1428 correspondant au 30 janvier 2007 portant répartition des crédits ouverts, au titre du budget de fonctionnement, par la loi de finances pour 2007, au ministre de l'enseignement supérieur et de la recherche scientifique.",Décret,,,,9348,True,"Source: Décret exécutif n° 07-45 du 11 Moharram 1428 correspondant au 30 janvier 2007 portant répartition des crédits ouverts, au titre du budget de fonctionnement, par la loi de finances pour 2007, au ministre de l'enseignement supérieur et de la recherche scientifique. Contenu: Art. 2. — Le ministre des finances et le ministre de l'enseignement supérieur et de la recherche scientifique sont chargés, chacun en ce qui le concerne, de l'exécution du présent décret qui sera publié au Journal officiel de la République algérienne démocratique et populaire. Fait à Alger, le 11 Moharram 1428 correspondant au 30 janvier 2007. Abdelaziz BELKHADEM. Nos DES CHAPITRES LIBELLES CREDITS OUVERTS EN DA SEC"
1,Quel est le taux de la prime de rendement pour les personnels de soutien à la recherche ?,Taux légal de la prime de rendement pour les agents de soutien à la recherche en Algérie,5,F2012007.txt_regex_doc_9_art_15,0.06878662109375,0.8752081990242004,regex,article,F2012007.txt,21,Décret exécutif n° 12-22 du 23 Safar 1433 correspondant au 17 janvier 2012 instituant le régime indemnitaire des fonctionnaires appartenant aux corps des personnels de soutien à la recherche.,Décret,,,,497,False,"Source: Décret exécutif n° 12-22 du 23 Safar 1433 correspondant au 17 janvier 2012 instituant le régime indemnitaire des fonctionnaires appartenant aux corps des personnels de soutien à la recherche. Contenu: Art. 16. — Le présent décret sera publié au Journal officiel de la République algérienne démocratique et populaire. Fait à Alger, le 23 Safar 1433 correspondant au 17 janvier 2012. Ahmed OUYAHIA. 23 JOURNAL OFFICIEL DE LA REPUBLIQUE ALGERIENNE N° 07 21 Rabie El Aouel 1433 14 février 2012"
2,Quel est le montant de l'indemnité de documentation pour un ingénieur de recherche conseil ?,Montant de l'indemnité de documentation pour un ingénieur de recherche-conseil en Algérie,1,F2012007.txt_regex_doc_9_art_6,0.75439453125,0.746445894241333,regex,article,F2012007.txt,21,Décret exécutif n° 12-22 du 23 Safar 1433 correspondant au 17 janvier 2012 instituant le régime indemnitaire des fonctionnaires appartenant aux corps des personnels de soutien à la recherche.,Décret,,,,549,True,"Source: Décret exécutif n° 12-22 du 23 Safar 1433 correspondant au 17 janvier 2012 instituant le régime indemnitaire des fonctionnaires appartenant aux corps des personnels de soutien à la recherche. Contenu: Art. 7. — L'indemnité de documentation est servie, mensuellement, aux fonctionnaires appartenant à la filière de développement technologique, en montants forfaitaires figurant au tableau ci-après : | CORPS | GRADES | |---|---| | Ingénieurs de recherche | Ingénieur de recherche expert Ingénieur de recherche conseil Ingénieur de recherche |"
2,Quel est le montant de l'indemnité de documentation pour un ingénieur de recherche conseil ?,Montant de l'indemnité de documentation pour un ingénieur de recherche-conseil en Algérie,2,F2012007_p22_t1_full,0.6005859375,0.7087628841400146,table_full,full_table_markdown,F2012007.pdf,22,,,F2012007_p22_t1,generic_table,,379,True,"Source: F2012007.pdf Page: 22 Tableau: Art. 7. — L'indemnité de documentation est servie, mensuellement, aux fonctionnaires appartenant à la filière de développement technologique, en montants forfaitaires figurant au tableau ci-après : | CORPS | GRADES | |---|---| | Ingénieurs de recherche | Ingénieur de recherche expert Ingénieur de recherche conseil Ingénieur de recherche |"
2,Quel est le montant de l'indemnité de documentation pour un ingénieur de recherche conseil ?,Montant de l'indemnité de documentation pour un ingénieur de recherche-conseil en Algérie,3,F2012007_p22_t1_row_1,0.59814453125,0.7057526707649231,table_row,table_row,F2012007.pdf,22,,,F2012007_p22_t1,generic_table,1,368,True,"Source: F2012007.pdf Page: 22 Tableau: Art. 7. — L'indemnité de documentation est servie, mensuellement, aux fonctionnaires appartenant à la filière de développement technologique, en montants forfaitaires figurant au tableau ci-après : Ligne: 1 CORPS: Ingénieurs de recherche GRADES: Ingénieur de recherche expert Ingénieur de recherche conseil Ingénieur de recherche"
2,Quel est le montant de l'indemnité de documentation pour un ingénieur de recherche conseil ?,Montant de l'indemnité de documentation pour un ingénieur de recherche-conseil en Algérie,4,F2025004.txt_regex_doc_1_art_7,0.059112548828125,0.832649827003479,regex,article,F2025004.txt,44,Décret exécutif n° 25-55 du 21 Rajab 1446 correspondant au 21 janvier 2025 instituant le régime indemnitaire des fonctionnaires appartenant aux corps spécifiques de l'éducation nationale.,Décret,,,,587,False,"Source: Décret exécutif n° 25-55 du 21 Rajab 1446 correspondant au 21 janvier 2025 instituant le régime indemnitaire des fonctionnaires appartenant aux corps spécifiques de l'éducation nationale. Contenu: Art. 8. — L'indemnité de documentation pédagogique est servie mensuellement aux personnels cités aux articles 3 et 4 ci-dessus, en montants forfaitaires fixés comme suit : • 2.000 DA pour les fonctionnaires classés aux catégories 10 et moins ; • 2.500 DA pour les fonctionnaires classés aux catégories 11 et 12 ; • 3.000 DA pour les fonctionnaires classés aux catégories 13 et plus."
2,Quel est le montant de l'indemnité de documentation pour un ingénieur de recherche conseil ?,Montant de l'indemnité de documentation pour un ingénieur de recherche-conseil en Algérie,5,F2009008.txt_regex_doc_21_art_1,0.0297088623046875,0.8126950860023499,regex,article,F2009008.txt,128,"Décret exécutif 09-48 du 29 Moharram 1430 correspondant au 26 janvier 2009 portant répartition des crédits ouverts, au titre du budget de fonctionnement, par la loi de finances pour 2009, au ministre de l'enseignement supérieur et de la recherche scientifique.",Décret,,,,15497,True,"Source: Décret exécutif 09-48 du 29 Moharram 1430 correspondant au 26 janvier 2009 portant répartition des crédits ouverts, au titre du budget de fonctionnement, par la loi de finances pour 2009, au ministre de l'enseignement supérieur et de la recherche scientifique. Contenu: Art. 2. — Le ministre des finances et le ministre de l'enseignement supérieur et de la recherche scientifique sont chargés, chacun en ce qui le concerne, de l'exécution du présent décret qui sera publié au Journal officiel de la République algérienne démocratique et populaire. Fait à Alger, le 29 Moharram 1430 correspondant au 26 janvier 2009. Ahmed OUYAHIA. Nos DES CHAPITRES LIBELLES CREDITS OUVERTS EN DA SECTION I AD"
3,Jusqu'à quelle date l'extraction de matériaux alluvionnaires peut-elle être autorisée à titre transitoire ?,"Autorisation transitoire d'extraction de matériaux alluvionnaires en Algérie, durée maximale et date limite légale",1,F2008004.txt_regex_doc_2_art_0,0.9970703125,0.8065022230148315,regex,article,F2008004.txt,6,Loi n° 08-03 du 15 Moharram 1429 correspondant au 23 janvier 2008 modifiant et complétant la loi n° 05-12 du 28 Joumada Ethania 1426 correspondant au 4 août 2005 relative à l’eau.,Loi,,,,1098,False,"Source: Loi n° 08-03 du 15 Moharram 1429 correspondant au 23 janvier 2008 modifiant et complétant la loi n° 05-12 du 28 Joumada Ethania 1426 correspondant au 4 août 2005 relative à l’eau. Contenu: Article 1er. — Les dispositions de l’article 14 de la loi n° 05-12 du 4 août 2005 relative à l’eau sont modifiées, complétées et rédigées comme suit : «Art. 14. — .............. (sans changement)......................... A titre transitoire, et jusqu’au 31 août 2009, l’extraction peut être autorisée dans le cadre du régime de la concession assortie d’un cahier de charges et sous réserve d’une étude d’impact établie conformément à la législation et à la réglementation en vigueur. L’état des zones et"
3,Jusqu'à quelle date l'extraction de matériaux alluvionnaires peut-elle être autorisée à titre transitoire ?,"Autorisation transitoire d'extraction de matériaux alluvionnaires en Algérie, durée maximale et date limite légale",2,F2002010.txt_regex_doc_12_art_19,0.14990234375,0.8083661794662476,regex,article,F2002010.txt,18,Loi n° 02-02 du 22 Dhou El Kaada 1422 correspondant au 5 février 2002 relative à la protection et à la valorisation du littoral,Loi,,,,927,False,"Source: Loi n° 02-02 du 22 Dhou El Kaada 1422 correspondant au 5 février 2002 relative à la protection et à la valorisation du littoral Contenu: Art. 20. — Sans préjudice des dispositions de la loi n° 01-11 du 11 Rabie Ethani 1422 correspondant au 3 juillet 2001 sus-visée, les autorisations d’extraction de matériaux et notamment de granulat sur le rivage et ses dépendances sont soumises à étude d’impact sur l’environnement, y compris dans les parties naturelles des zones d’embouchure et les lits des cours d’eaux proches des rivages. Les extractions de matériaux visées à l’alinéa précédent, à l’exception des travaux de désenvasement et de désensablement des ports sont formellement interdites "
3,Jusqu'à quelle date l'extraction de matériaux alluvionnaires peut-elle être autorisée à titre transitoire ?,"Autorisation transitoire d'extraction de matériaux alluvionnaires en Algérie, durée maximale et date limite légale",3,F2002011.txt_regex_doc_2_art_32,0.0156707763671875,0.8132529258728027,regex,article,F2002011.txt,8,Décret exécutif n° 02-65 du 23 Dhou El Kaada 1422 correspondant au 6 février 2002 définissant les modalités et procédures d'attribution des titres miniers.,Décret,,,,1398,False,"Source: Décret exécutif n° 02-65 du 23 Dhou El Kaada 1422 correspondant au 6 février 2002 définissant les modalités et procédures d'attribution des titres miniers. Contenu: Art. 33. — L'autorisation d'exploitation minière artisanale est délivrée au pétitionnaire, par l'Agence nationale du patrimoine minier, après signature du cahier des charges par le demandeur et délibération du conseil d'administration de l'Agence, dans un délai n'excédant pas trois (3) mois à compter de la date d'enregistrement de la demande, contre remise des récépissés du versement du droit d'établissement d'acte et de paiement de la taxe superficiaire. Il est précisé dans l'autorisation : — la substance minérale pour l"
3,Jusqu'à quelle date l'extraction de matériaux alluvionnaires peut-elle être autorisée à titre transitoire ?,"Autorisation transitoire d'extraction de matériaux alluvionnaires en Algérie, durée maximale et date limite légale",4,F2002011.txt_regex_doc_2_art_43,0.0153045654296875,0.8537895083427429,regex,article,F2002011.txt,8,Décret exécutif n° 02-65 du 23 Dhou El Kaada 1422 correspondant au 6 février 2002 définissant les modalités et procédures d'attribution des titres miniers.,Décret,,,,907,False,"Source: Décret exécutif n° 02-65 du 23 Dhou El Kaada 1422 correspondant au 6 février 2002 définissant les modalités et procédures d'attribution des titres miniers. Contenu: Art. 44. — Durant la période transitoire prévue dans le titre XI de la loi n° 01-10 du 11 Rabie Ethani 1422 correspondant au 3 juillet 2001 portant loi minière, notamment ses articles 232 et 233, l'administration centrale des mines chargée d'exercer les prérogatives de l'Agence nationale du patrimoine minier et de l'Agence nationale de la géologie et du contrôle minier appliquera les dispositions du présent décret. Hormis la concession minière, les permis et autorisations d'exercice d'une activité minière sont attribués, "
3,Jusqu'à quelle date l'extraction de matériaux alluvionnaires peut-elle être autorisée à titre transitoire ?,"Autorisation transitoire d'extraction de matériaux alluvionnaires en Algérie, durée maximale et date limite légale",5,F2016007.txt_regex_doc_4_art_43,0.0125274658203125,0.9106447696685791,regex,article,F2016007.txt,9,Décret exécutif n° 16-55 du 22 Rabie Ethani 1437 correspondant au 1er février 2016 fixant les conditions et modalités d’intervention sur les tissus urbains anciens.,Décret,,,,418,False,"Source: Décret exécutif n° 16-55 du 22 Rabie Ethani 1437 correspondant au 1er février 2016 fixant les conditions et modalités d’intervention sur les tissus urbains anciens. Contenu: Art. 5. — Cette autorisation peut être prorogée une seule fois pour une durée qui ne peut excéder vingt-quatre (24) mois, à déterminer sur la base de l’estimation et l’évaluation de l’autorité chargée de la délivrance de l’autorisation."
4,Quel est l'effectif total d'agents contractuels prévu pour l'institut national des télécommunications (INTTIC) ?,Nombre total d'agents contractuels autorisés ou prévus pour l'institut national des télécommunications (INTTIC),1,F2019003_p15_t2_full,0.71826171875,0.7869564294815063,table_full,full_table_markdown,F2019003.pdf,15,,,F2019003_p15_t2,staffing_annex_table,,1923,True,Source: F2019003.pdf Page: 15 Tableau: 288 Ouvrier professionnel de niveau 3 — — — 5 26 26 315 Ouvrier professionnel de niveau 4 — — — 6 3 3 — — — Total général 230 230 TABLEAU ANNEXE 3 Instituts nationaux spécialisés de la formation professionnelle Total des postes d’emploi des agents contractuels au niveau des instituts nationaux spécialisés de la formation professionnelle | EMPLOIS | EFFECTIFS SELON LA NATURE DU CONTRAT DE TRAVAIL | | | | EFFECTIFS (1 + 2) | CLASSIFICATION | | |---|---|---|---|---|---|---|---| | | Contrat à durée indéterminée (1) | | Contrat à durée déterminée (2) | | | | | | | | | | | | Catégorie | Indice | | | à temps plein | à temps partiel | à temps plein | à temps pa
4,Quel est l'effectif total d'agents contractuels prévu pour l'institut national des télécommunications (INTTIC) ?,Nombre total d'agents contractuels autorisés ou prévus pour l'institut national des télécommunications (INTTIC),2,F2010012.txt_regex_doc_5_art_0,0.70849609375,0.7691115140914917,regex,article,F2010012.txt,78,"Arrêté interministériel du 25 Chaoual 1430 correspondant au 14 octobre 2009 fixant les effectifs par emploi, leur classification et la durée du contrat des agents exerçant des activités d'entretien, de maintenance ou de service au titre de l'institut national des télécommunications et des technologies de l'information et de la communication.",Arrêté,,,,1368,True,"Source: Arrêté interministériel du 25 Chaoual 1430 correspondant au 14 octobre 2009 fixant les effectifs par emploi, leur classification et la durée du contrat des agents exerçant des activités d'entretien, de maintenance ou de service au titre de l'institut national des télécommunications et des technologies de l'information et de la communication. Contenu: Article 1er. — En application des dispositions de l'article 8 du décret présidentiel n° 07-308 du 17 Ramadhan 1428 correspondant au 29 septembre 2007 susvisé, le présent arrêté a pour objet de fixer les effectifs par emploi correspondant aux activités d'entretien, de maintenance ou de service, leur classification ainsi que la durée du co"
4,Quel est l'effectif total d'agents contractuels prévu pour l'institut national des télécommunications (INTTIC) ?,Nombre total d'agents contractuels autorisés ou prévus pour l'institut national des télécommunications (INTTIC),3,F2019003_p14_t1_full,0.6025390625,0.7816687822341919,table_full,full_table_markdown,F2019003.pdf,14,,,F2019003_p14_t1,staffing_annex_table,,1862,True,"Source: F2019003.pdf Page: 14 Tableau: Art. 2. — Les effectifs des postes des agents contractuels au niveau des instituts nationaux spécialisés de la formation professionnelle, des instituts d’enseignement professionnel et des centres de formation professionnelle et d’apprentissage, sont répartis conformément aux tableaux annexés à l’original du présent arrêté. Le directeur général de la fonction publique et de la réforme administrative Belkacem BOUCHEMAL ——————— TABLEAU ANNEXE 1 Centres de formation professionnelle et d’apprentissage Total des postes d’emploi des agents contractuels au niveau des CFPA | EMPLOIS | EFFECTIFS SELON LA NATURE DU CONTRAT DE TRAVAIL | | | | EFFECTIFS (1 + 2) | CL"
4,Quel est l'effectif total d'agents contractuels prévu pour l'institut national des télécommunications (INTTIC) ?,Nombre total d'agents contractuels autorisés ou prévus pour l'institut national des télécommunications (INTTIC),4,F2022006_p21_t2_row_13,0.57470703125,0.7542392015457153,table_row,table_row,F2022006.pdf,21,,,F2022006_p21_t2,staffing_annex_table,13,456,True,Source: F2022006.pdf Page: 21 Tableau: 7 Agent de prévention de niveau 2 — — — 348 7 7 6 Ouvrier professionnel de niveau 4 — — — 315 149 149 Total — — — 15537 15537 TABLEAU ANNEXE 2 Instituts d'enseignement professionnel Total des postes d'emploi des agents contractuels au niveau des instituts d'enseignement professionnel Ligne: 13 POSTES D’EMPLOI: Total Effectif selon la nature du contrat du travail: 259 COL_3: — COL_4: — COL_5: — Effectifs (1+2): 259
4,Quel est l'effectif total d'agents contractuels prévu pour l'institut national des télécommunications (INTTIC) ?,Nombre total d'agents contractuels autorisés ou prévus pour l'institut national des télécommunications (INTTIC),5,F2019003_p15_t2_row_7,0.57421875,0.7672690749168396,table_row,table_row,F2019003.pdf,15,,,F2019003_p15_t2,staffing_annex_table,7,571,True,Source: F2019003.pdf Page: 15 Tableau: 288 Ouvrier professionnel de niveau 3 — — — 5 26 26 315 Ouvrier professionnel de niveau 4 — — — 6 3 3 — — — Total général 230 230 TABLEAU ANNEXE 3 Instituts nationaux spécialisés de la formation professionnelle Total des postes d’emploi des agents contractuels au niveau des instituts nationaux spécialisés de la formation professionnelle Ligne: 7 EMPLOIS: A g e n t d e s e r v ic e d e n iv e a u 1 EFFECTIFS SELON LA NATURE DU CONTRAT DE TRAVAIL: 286 COL_3: — COL_4: — COL_5: — EFFECTIFS (1 + 2): 286 CLASSIFICATION: 1 COL_8: 200
5,Quels sont les éléments exclus du calcul du salaire national minimum garanti (SNMG) ?,Exclusion des éléments du calcul du salaire national minimum garanti (SNMG) en Algérie,1,F2015008.txt_regex_doc_3_art_1,0.99853515625,0.6567832827568054,regex,article,F2015008.txt,10,Décret exécutif n° 15-59 du 18 Rabie Ethani 1436 correspondant au 8 février 2015 fixant les éléments constitutifs du salaire national minimum garanti.,Décret,,,,724,False,"Source: Décret exécutif n° 15-59 du 18 Rabie Ethani 1436 correspondant au 8 février 2015 fixant les éléments constitutifs du salaire national minimum garanti. Contenu: Art. 2. — Le salaire national minimum garanti (SNMG) comprend le salaire de base, les indemnités et primes de toute nature à l’exclusion de celles se rapportant : — aux remboursements de frais engagés par le travailleur ; — à l’expérience professionnelle ou toute indemnité rémunérant l’ancienneté ; — à l’organisation du travail concernant le travail posté, le service permanent et les heures supplémentaires ; — aux conditions d’isolement ; — au rendement, à l’intéressement ou à la participation aux résultats ayant un caractère "
5,Quels sont les éléments exclus du calcul du salaire national minimum garanti (SNMG) ?,Exclusion des éléments du calcul du salaire national minimum garanti (SNMG) en Algérie,2,F2015008.txt_regex_doc_3_art_0,0.460205078125,0.8502498865127563,regex,article,F2015008.txt,10,Décret exécutif n° 15-59 du 18 Rabie Ethani 1436 correspondant au 8 février 2015 fixant les éléments constitutifs du salaire national minimum garanti.,Décret,,,,433,False,"Source: Décret exécutif n° 15-59 du 18 Rabie Ethani 1436 correspondant au 8 février 2015 fixant les éléments constitutifs du salaire national minimum garanti. Contenu: Article 1er. — En application des dispositions de l’article 87 de la loi n° 90-11 du 21 avril 1990, modifiée et complétée, relative aux relations de travail, le présent décret a pour objet de déterminer les éléments constitutifs du salaire national minimum garanti."
5,Quels sont les éléments exclus du calcul du salaire national minimum garanti (SNMG) ?,Exclusion des éléments du calcul du salaire national minimum garanti (SNMG) en Algérie,3,F2015008.txt_regex_doc_3_art_2,0.244384765625,0.7916299104690552,regex,article,F2015008.txt,10,Décret exécutif n° 15-59 du 18 Rabie Ethani 1436 correspondant au 8 février 2015 fixant les éléments constitutifs du salaire national minimum garanti.,Décret,,,,282,False,Source: Décret exécutif n° 15-59 du 18 Rabie Ethani 1436 correspondant au 8 février 2015 fixant les éléments constitutifs du salaire national minimum garanti. Contenu: Art. 3. — Le présent décret sera publié au Journal officiel de la République algérienne démocratique et populaire.
5,Quels sont les éléments exclus du calcul du salaire national minimum garanti (SNMG) ?,Exclusion des éléments du calcul du salaire national minimum garanti (SNMG) en Algérie,4,F2012010.txt_regex_doc_13_art_1,0.01061248779296875,0.9761965870857239,regex,article,F2012010.txt,90,"Décret exécutif n° 12-46 du 13 Rabie El Aouel 1433 correspondant au 6 février 2012 portant répartition des crédits ouverts, au titre du budget de fonctionnement, par la loi de finances pour 2012, au ministre de l'éducation nationale.",Décret,,,,17443,True,"Source: Décret exécutif n° 12-46 du 13 Rabie El Aouel 1433 correspondant au 6 février 2012 portant répartition des crédits ouverts, au titre du budget de fonctionnement, par la loi de finances pour 2012, au ministre de l'éducation nationale. Contenu: Art. 2. — Le ministre des finances et le ministre de l’éducation nationale sont chargés, chacun en ce qui le concerne, de l'exécution du présent décret qui sera publié au Journal officiel de la République algérienne démocratique et populaire. Fait à Alger, le 13 Rabie El Aouel 1433 correspondant au 6 février 2012. Ahmed OUYAHIA. Nos DES CHAPITRES L I B E L L E S CREDITS OUVERTS EN DA SECTION I SECTION UNIQUE SOUS-SECTION I SERVICES CENTRAUX TITR"
5,Quels sont les éléments exclus du calcul du salaire national minimum garanti (SNMG) ?,Exclusion des éléments du calcul du salaire national minimum garanti (SNMG) en Algérie,5,F2008002.txt_regex_doc_16_art_4,0.00763702392578125,0.9710711240768433,regex,article,F2008002.txt,19,Arrêté du 29 Rajab 1428 correspondant au 13 août 2007 portant ouverture d’instance de classement de Hammam E’ Salihine.,Arrêté,,,,15090,True,"Source: Arrêté du 29 Rajab 1428 correspondant au 13 août 2007 portant ouverture d’instance de classement de Hammam E’ Salihine. Contenu: Art. 5. — Le présent arrêté sera publié au Journal officiel de la République algérienne démocratique et populaire. Fait à Alger, le 29 Rajab 1428 correspondant au 13 août 2007. Khalida TOUMI. 20 30 Dhou El Hidja 1428 8 janvier 2008 JOURNAL OFFICIEL DE LA REPUBLIQUE ALGERIENNE N° 02 AVIS ET COMMUNICATIONS BANQUE D’ALGERIE Situation mensuelle au 31 août 2007 ————«»———— ACTIF : Or..................................................................................................................................................... Avoirs en devises................"
6,Quelle est la langue d'enseignement imposée aux établissements privés d'éducation ?,Langue officielle d'enseignement obligatoire dans les établissements privés d'éducation en Algérie,1,F2008004.txt_regex_doc_3_art_58,0.98876953125,0.6910831928253174,regex,article,F2008004.txt,6,Loi n° 08-04 du 15 Moharram 1429 correspondant au 23 janvier 2008 portant loi d'orientation sur l'éducation nationale.,Loi,,,,344,False,"Source: Loi n° 08-04 du 15 Moharram 1429 correspondant au 23 janvier 2008 portant loi d'orientation sur l'éducation nationale. Contenu: Art. 59. — En application de l'article 33 ci-dessus, l'enseignement est dispensé en langue arabe dans les établissements privés d'éducation et d'enseignement à tous les niveaux et dans toutes les disciplines."
6,Quelle est la langue d'enseignement imposée aux établissements privés d'éducation ?,Langue officielle d'enseignement obligatoire dans les établissements privés d'éducation en Algérie,2,F2008004.txt_regex_doc_3_art_32,0.98388671875,0.709820032119751,regex,article,F2008004.txt,6,Loi n° 08-04 du 15 Moharram 1429 correspondant au 23 janvier 2008 portant loi d'orientation sur l'éducation nationale.,Loi,,,,331,True,"Source: Loi n° 08-04 du 15 Moharram 1429 correspondant au 23 janvier 2008 portant loi d'orientation sur l'éducation nationale. Contenu: Art. 33. — L'enseignement est dispensé en langue arabe à tous les niveaux d'éducation, aussi bien dans les établissements publics que dans les établissements privés d'éducation et d'enseignement."
6,Quelle est la langue d'enseignement imposée aux établissements privés d'éducation ?,Langue officielle d'enseignement obligatoire dans les établissements privés d'éducation en Algérie,3,F2007005.txt_regex_doc_4_art_0,0.334228515625,0.7825621366500854,regex,article,F2007005.txt,6,"Accord entre le Gouvernement de la République algérienne démocratique et populaire et le Gouvernement de la République française relatif à l’ouverture, à Alger, d’une école primaire destinée à la scolarisation d’enfants de cadres expatriés d’entreprises.",Accord,,,,925,False,"Source: Accord entre le Gouvernement de la République algérienne démocratique et populaire et le Gouvernement de la République française relatif à l’ouverture, à Alger, d’une école primaire destinée à la scolarisation d’enfants de cadres expatriés d’entreprises. Contenu: Article 1er Conformément à l’ordonnance n° 05-07 du 23 août 2005 fixant les règles générales régissant l’enseignement dans les établissements privés d’éducation et d’enseignement, il est créé, à Alger, une école primaire ci-après dénommée «l’établissement». En application de l’article 25 de l’ordonnance précitée, cet établissement, qui ne peut accueillir des élèves algériens, a vocation à scolariser exclusivement des enfants"
6,Quelle est la langue d'enseignement imposée aux établissements privés d'éducation ?,Langue officielle d'enseignement obligatoire dans les établissements privés d'éducation en Algérie,4,F2006003.txt_regex_doc_5_art_2,0.266357421875,0.8973041772842407,regex,article,F2006003.txt,16,Arrêté interministériel du 17 Chaâbane 1426 correspondant au 21 septembre 2005 fixant les programmes des concours sur épreuves et examens professionnels pour l’accès aux différents corps spécifiques au secteur de l’éducation nationale.,Arrêté,,,,65269,True,"Source: Arrêté interministériel du 17 Chaâbane 1426 correspondant au 21 septembre 2005 fixant les programmes des concours sur épreuves et examens professionnels pour l’accès aux différents corps spécifiques au secteur de l’éducation nationale. Contenu: Art. 3. — Le présent arrêté sera publié au Journal officiel de la République algérienne démocratique et populaire. Fait à Alger, le 17 Chaâbane 1426 correspondant au 21 septembre 2005. Pour le Chef du Gouvernement et par délégation, Le ministre de l’éducation nationale Le directeur général de la fonction publique Boubekeur BENBOUZID Djamel KHARCHI JOURNAL OFFICIEL DE LA REPUBLIQUE ALGERIENNE N° 03 17 18 Dhou El Hidja 1426 18 janvier 2006 ANNEX"
6,Quelle est la langue d'enseignement imposée aux établissements privés d'éducation ?,Langue officielle d'enseignement obligatoire dans les établissements privés d'éducation en Algérie,5,F2008004.txt_regex_doc_3_art_59,0.21728515625,0.8722457885742188,regex,article,F2008004.txt,6,Loi n° 08-04 du 15 Moharram 1429 correspondant au 23 janvier 2008 portant loi d'orientation sur l'éducation nationale.,Loi,,,,620,False,"Source: Loi n° 08-04 du 15 Moharram 1429 correspondant au 23 janvier 2008 portant loi d'orientation sur l'éducation nationale. Contenu: Art. 60. — Les établissements privés d'éducation et d'enseignement sont tenus d'appliquer les programmes d'enseignement officiels arrêtés par le ministre chargé de l’éducation nationale. Toute autre activité éducative ou pédagogique que les établissements se proposent de dispenser, en sus de celles prévues par les programmes officiels, est soumise à l'autorisation préalable du ministre chargé de l'éducation nationale et aux dispositions de la présente loi notamment son article 2."
7,Quelles sont les quatre directions qui composent la direction générale des enseignements et de la formation supérieurs ?,Quelles sont les quatre directions constitutives de la direction générale des enseignements et de la formation supérieurs (DGEFS) en Algérie ?,1,F2013008.txt_regex_doc_3_art_1,0.99755859375,0.842621922492981,regex,article,F2013008.txt,7,Décret exécutif n° 13-78 du 18 Rabie El Aouel 1434 correspondant au 30 janvier 2013 portant organisation de l'administration centrale du ministère de l'enseignement supérieur et de la recherche scientifique.,Décret,,,,16607,False,Source: Décret exécutif n° 13-78 du 18 Rabie El Aouel 1434 correspondant au 30 janvier 2013 portant organisation de l'administration centrale du ministère de l'enseignement supérieur et de la recherche scientifique. Contenu: Art. 2. — La direction générale des enseignements et de la formation supérieurs est chargée : — de participer à l'élaboration de la politique nationale en matière d'enseignement et de formation supérieurs ; — de participer à l'élaboration de la stratégie de développement de l'enseignement et de la formation supérieurs dans leurs dimensions académiques et professionnelles ; — de mettre en place un système d'orientation pédagogique des étudiants en relation avec les struct
7,Quelles sont les quatre directions qui composent la direction générale des enseignements et de la formation supérieurs ?,Quelles sont les quatre directions constitutives de la direction générale des enseignements et de la formation supérieurs (DGEFS) en Algérie ?,2,F2014005.txt_regex_doc_7_art_1,0.99365234375,0.883489727973938,regex,article,F2014005.txt,8,Décret exécutif n° 14-22 du 21 Rabie El Aouel 1435 correspondant au 23 janvier 2014 modifiant le décret exécutif n° 13-78 du 18 Rabie El Aouel 1434 correspondant au 30 janvier 2013 portant organisation de l’administration centrale du ministère de l’enseignement supérieur et de la recherche scientifique.,Décret,,,,36311,False,"Source: Décret exécutif n° 14-22 du 21 Rabie El Aouel 1435 correspondant au 23 janvier 2014 modifiant le décret exécutif n° 13-78 du 18 Rabie El Aouel 1434 correspondant au 30 janvier 2013 portant organisation de l’administration centrale du ministère de l’enseignement supérieur et de la recherche scientifique. Contenu: Art. 2. — Les articles 1er, 2, 3, 4, 5, 7 et 9 du décret exécutif n° 13-78 du 18 Rabie El Aouel 1434 correspondant au 30 janvier 2013, susvisé, sont modifiés et rédigés comme suit : « Article 1er. — Sous l’autorité du ministre, l’administration centrale du ministère de l’enseignement supérieur et de la recherche scientifique comprend : 1- ............. (sans changement)......"
7,Quelles sont les quatre directions qui composent la direction générale des enseignements et de la formation supérieurs ?,Quelles sont les quatre directions constitutives de la direction générale des enseignements et de la formation supérieurs (DGEFS) en Algérie ?,3,F2003002.txt_regex_doc_4_art_1,0.9775390625,0.7991586923599243,regex,article,F2003002.txt,8,Décret exécutif n° 03-01 du 2 Dhou El Kaada 1423 correspondant au 4 janvier 2003 portant organisation de l’administration centrale du ministère de l’enseignement supérieur et de la recherche scientifique.,Décret,,,,2840,False,"Source: Décret exécutif n° 03-01 du 2 Dhou El Kaada 1423 correspondant au 4 janvier 2003 portant organisation de l’administration centrale du ministère de l’enseignement supérieur et de la recherche scientifique. Contenu: Art. 2. — La direction de la formation supérieure graduée est chargée : — de mettre en place un système d’orientation pédagogique des étudiants et ce, en relation avec les structures et les instances concernées ; — de définir les conditions d’ouverture, de fermeture et d’organisation des différents cycles et filières ainsi que l’habilitation des programmes de formation supérieure de graduation ; — de déterminer les règles générales des modes de contrôle des connaissances et"
7,Quelles sont les quatre directions qui composent la direction générale des enseignements et de la formation supérieurs ?,Quelles sont les quatre directions constitutives de la direction générale des enseignements et de la formation supérieurs (DGEFS) en Algérie ?,4,F2013008.txt_regex_doc_3_art_3,0.8798828125,0.8724488615989685,regex,article,F2013008.txt,7,Décret exécutif n° 13-78 du 18 Rabie El Aouel 1434 correspondant au 30 janvier 2013 portant organisation de l'administration centrale du ministère de l'enseignement supérieur et de la recherche scientifique.,Décret,,,,10769,False,"Source: Décret exécutif n° 13-78 du 18 Rabie El Aouel 1434 correspondant au 30 janvier 2013 portant organisation de l'administration centrale du ministère de l'enseignement supérieur et de la recherche scientifique. Contenu: Art. 4. — La direction générale de la formation à l'étranger, de la coopération et des échanges interuniversitaires est chargée : — de proposer les plans de formation et de perfectionnement à l'étranger en coordination avec les institutions et établissements concernés ; — de proposer et mettre en place les mécanismes de prise en charge et de suivi de la formation des étudiants et stagiaires étrangers, en coordination avec les structures concernées du ministère des affair"
7,Quelles sont les quatre directions qui composent la direction générale des enseignements et de la formation supérieurs ?,Quelles sont les quatre directions constitutives de la direction générale des enseignements et de la formation supérieurs (DGEFS) en Algérie ?,5,F2019002.txt_regex_doc_3_art_1,0.779296875,0.888176441192627,regex,article,F2019002.txt,15,Décret exécutif n° 19-02 du Aouel Joumada El Oula 1440 correspondant au 8 janvier 2019 portant organisation de l’administration centrale du ministère de l’éducation nationale.,Décret,,,,19163,False,"Source: Décret exécutif n° 19-02 du Aouel Joumada El Oula 1440 correspondant au 8 janvier 2019 portant organisation de l’administration centrale du ministère de l’éducation nationale. Contenu: Art. 2. — La direction générale des enseignements, est chargée : — de participer à l’élaboration des éléments de la politique nationale en matière d’éducation et d’enseignement ; — d’élaborer la stratégie du développement du système éducatif en matière de refonte pédagogique ; — d’organiser la mise en œuvre de la stratégie du développement du système éducatif dans sa dimension pédagogique ; — d’assurer le suivi de l’exécution de la stratégie en matière de programmes d’enseignement, d’outils didactiques"
8,"Quelles sont les obligations des opérateurs de télécommunications (GSM, 3G, V.SAT) concernant les réquisitions judiciaires ?","Obligations légales des opérateurs de télécommunications (GSM, 3G, V.SAT) face aux réquisitions judiciaires en Algérie",1,F2015008.txt_regex_doc_11_art_2,0.7041015625,0.7806766033172607,regex,article,F2015008.txt,20,Décret exécutif n° 15-67 du 18 Rabie Ethani 1436 correspondant au 8 février 2015 portant approbation de la modification du cahier des charges annexé au décret exécutif n° 14-294 du 22 Dhou El Hidja 1435 correspondant au 16 octobre 2014 portant approbation du renouvellement de la licence d’établissement et d’exploitation d’un réseau public de télécommunications par satellite de type V.SAT et de fourniture de services de télécommunications au public attribuée à la société « Divona Algérie ».,Décret,,,,1671,False,"Source: Décret exécutif n° 15-67 du 18 Rabie Ethani 1436 correspondant au 8 février 2015 portant approbation de la modification du cahier des charges annexé au décret exécutif n° 14-294 du 22 Dhou El Hidja 1435 correspondant au 16 octobre 2014 portant approbation du renouvellement de la licence d’établissement et d’exploitation d’un réseau public de télécommunications par satellite de type V.SAT et de fourniture de services de télécommunications au public attribuée à la société « Divona Algérie ». Contenu: Art. 23. — Prescriptions exigées pour la défense nationale et la sécurité publique. Le titulaire est tenu, conformément à la législation en vigueur, de répondre positivement et dans les pl"
8,"Quelles sont les obligations des opérateurs de télécommunications (GSM, 3G, V.SAT) concernant les réquisitions judiciaires ?","Obligations légales des opérateurs de télécommunications (GSM, 3G, V.SAT) face aux réquisitions judiciaires en Algérie",2,F2015008.txt_regex_doc_10_art_2,0.67724609375,0.7333409786224365,regex,article,F2015008.txt,18,"Décret exécutif n° 15-66 du 18 Rabie Ethani 1436 correspondant au 8 février 2015 portant approbation de la modification du cahier des charges annexé au décret exécutif n° 14-220 du 15 Chaoual 1435 correspondant au 11 août 2014 portant approbation de la licence d’établissement et d’exploitation d’un réseau public de télécommunications par satellite de type V.SAT et de fourniture de services de télécommunications au public attribuée, à titre de cession, à la société « Algérie Télécom Satellite Spa ».",Décret,,,,1679,False,"Source: Décret exécutif n° 15-66 du 18 Rabie Ethani 1436 correspondant au 8 février 2015 portant approbation de la modification du cahier des charges annexé au décret exécutif n° 14-220 du 15 Chaoual 1435 correspondant au 11 août 2014 portant approbation de la licence d’établissement et d’exploitation d’un réseau public de télécommunications par satellite de type V.SAT et de fourniture de services de télécommunications au public attribuée, à titre de cession, à la société « Algérie Télécom Satellite Spa ». Contenu: Art. 23. — Prescriptions exigées pour la défense nationale et la sécurité publique Le titulaire est tenu, conformément à la législation en vigueur, de répondre positivement et dan"
8,"Quelles sont les obligations des opérateurs de télécommunications (GSM, 3G, V.SAT) concernant les réquisitions judiciaires ?","Obligations légales des opérateurs de télécommunications (GSM, 3G, V.SAT) face aux réquisitions judiciaires en Algérie",3,F2015008.txt_regex_doc_8_art_2,0.568359375,0.6916548609733582,regex,article,F2015008.txt,16,"Décret exécutif n° 15-64 du 18 Rabie Ethani 1436 correspondant au 8 février 2015 portant approbation de la modification du cahier des charges annexé au décret exécutif n° 13-405 du 28 Moharram 1435 correspondant au 2 décembre 2013 portant approbation de la licence d’établissement et d’exploitation d’un réseau public de télécommunications de troisième génération (3G) et de fourniture de services de télécommunications au public, attribuée à la société « Algérie Télécom Mobile ».",Décret,,,,1657,False,"Source: Décret exécutif n° 15-64 du 18 Rabie Ethani 1436 correspondant au 8 février 2015 portant approbation de la modification du cahier des charges annexé au décret exécutif n° 13-405 du 28 Moharram 1435 correspondant au 2 décembre 2013 portant approbation de la licence d’établissement et d’exploitation d’un réseau public de télécommunications de troisième génération (3G) et de fourniture de services de télécommunications au public, attribuée à la société « Algérie Télécom Mobile ». Contenu: Art. 22. — Prescriptions exigées pour la défense nationale et la sécurité publique Le titulaire est tenu, conformément à la législation en vigueur, de répondre positivement et dans les plus brefs délai"
8,"Quelles sont les obligations des opérateurs de télécommunications (GSM, 3G, V.SAT) concernant les réquisitions judiciaires ?","Obligations légales des opérateurs de télécommunications (GSM, 3G, V.SAT) face aux réquisitions judiciaires en Algérie",4,F2015008.txt_regex_doc_9_art_2,0.568359375,0.764188826084137,regex,article,F2015008.txt,17,"Décret exécutif n° 15-65 du 18 Rabie Ethani 1436 correspondant au 8 février 2015 portant approbation de la modification du cahier des charges annexé au décret exécutif n° 13-406 du 28 Moharram 1435 correspondant au 2 décembre 2013 portant approbation de la licence d’établissement et d’exploitation d’un réseau public de télécommunications de troisième génération (3G) et de fourniture de services de télécommunications au public, attribuée à la société « Watania Télécom Algérie ».",Décret,,,,1658,False,"Source: Décret exécutif n° 15-65 du 18 Rabie Ethani 1436 correspondant au 8 février 2015 portant approbation de la modification du cahier des charges annexé au décret exécutif n° 13-406 du 28 Moharram 1435 correspondant au 2 décembre 2013 portant approbation de la licence d’établissement et d’exploitation d’un réseau public de télécommunications de troisième génération (3G) et de fourniture de services de télécommunications au public, attribuée à la société « Watania Télécom Algérie ». Contenu: Art. 22. — Prescriptions exigées pour la défense nationale et la sécurité publique Le titulaire est tenu, conformément à la législation en vigueur, de répondre positivement et dans les plus brefs déla"
8,"Quelles sont les obligations des opérateurs de télécommunications (GSM, 3G, V.SAT) concernant les réquisitions judiciaires ?","Obligations légales des opérateurs de télécommunications (GSM, 3G, V.SAT) face aux réquisitions judiciaires en Algérie",5,F2021004.txt_regex_doc_0_art_4,0.54833984375,0.830825686454773,regex,article,F2021004.txt,3,"Décret exécutif n° 21-35 du 20 Joumada El Oula 1442 correspondant au 4 janvier 2021 portant approbation du renouvellement de la licence d'établissement et d'exploitation d'un réseau fixe de communications électroniques ouvert au public, attribuée à la société « Algérie Télécom Spa ».",Décret,,,,29466,True,"Source: Décret exécutif n° 21-35 du 20 Joumada El Oula 1442 correspondant au 4 janvier 2021 portant approbation du renouvellement de la licence d'établissement et d'exploitation d'un réseau fixe de communications électroniques ouvert au public, attribuée à la société « Algérie Télécom Spa ». Contenu: Article 1er. — Les dispositions des articles 1.1, 2.1, 3, 4.1, 5.4, 7, 8, 9.4, 9.5, 11, 12.1, 12.2, 13.1, 15.5, 20.2, 20.5, 23, 24, 26.2, 27.1, 27.3, 30.2, 31.2, 31.3, 32, 34.1, 36, 37.1 et 39.2 du cahier des charges, annexé au décret exécutif n° 05-460 du 28 Chaoual 1426 correspondant au 30 novembre 2005, modifié, susvisé, sont modifiées, complétées et rédigées comme suit : « Article 1er. — Ter"
9,Quel est le montant de l'indemnité de présence par dossier traité pour les membres des commissions de recours de sécurité sociale ?,Montant de l'indemnité de présence par dossier traité pour les membres des commissions de recours de la sécurité sociale en Algérie,1,F2009001.txt_regex_doc_12_art_9,0.9990234375,0.5228174924850464,regex,article,F2009001.txt,19,"Décret exécutif n° 08-416 du 26 Dhou El Hidja 1429 correspondant au 24 décembre 2008 fixant la composition, l’organisation et le fonctionnement des commissions nationales de recours préalable qualifiées en matière de sécurité sociale.",Décret,,,,531,False,"Source: Décret exécutif n° 08-416 du 26 Dhou El Hidja 1429 correspondant au 24 décembre 2008 fixant la composition, l’organisation et le fonctionnement des commissions nationales de recours préalable qualifiées en matière de sécurité sociale. Contenu: Art. 10. — Les membres des commissions nationales de recours préalable qualifiées perçoivent une indemnité de présence dont le montant est fixé à cent dinars (100 DA) par dossier traité, sans que le montant global de l’indemnité ne dépasse deux mille dinars (2000 DA) par séance."
9,Quel est le montant de l'indemnité de présence par dossier traité pour les membres des commissions de recours de sécurité sociale ?,Montant de l'indemnité de présence par dossier traité pour les membres des commissions de recours de la sécurité sociale en Algérie,2,F2009001.txt_regex_doc_11_art_9,0.99853515625,0.5476717948913574,regex,article,F2009001.txt,17,"Décret exécutif n° 08-415 du 26 Dhou El Hidja 1429 correspondant au 24 décembre 2008 fixant le nombre des membres, l’organisation et le fonctionnement des commissions locales de recours préalable qualifiées en matière de sécurité sociale.",Décret,,,,532,False,"Source: Décret exécutif n° 08-415 du 26 Dhou El Hidja 1429 correspondant au 24 décembre 2008 fixant le nombre des membres, l’organisation et le fonctionnement des commissions locales de recours préalable qualifiées en matière de sécurité sociale. Contenu: Art. 10. — Les membres des commissions locales de recours préalable qualifiées perçoivent une indemnité de présence dont le montant est fixé à cent dinars (100 DA) par dossier traité, sans que le montant global de l’indemnité ne dépasse deux mille dinars (2000 DA) par séance."
9,Quel est le montant de l'indemnité de présence par dossier traité pour les membres des commissions de recours de sécurité sociale ?,Montant de l'indemnité de présence par dossier traité pour les membres des commissions de recours de la sécurité sociale en Algérie,3,F2009010.txt_regex_doc_12_art_8,0.8525390625,0.723000168800354,regex,article,F2009010.txt,15,"Décret exécutif n° 09-73 du 11 Safar 1430 correspondant au 7 février 2009 fixant la composition, l'organisation et le fonctionnement de la commission d'invalidité de wilaya qualifiée en matière de sécurité sociale.",Décret,,,,408,False,"Source: Décret exécutif n° 09-73 du 11 Safar 1430 correspondant au 7 février 2009 fixant la composition, l'organisation et le fonctionnement de la commission d'invalidité de wilaya qualifiée en matière de sécurité sociale. Contenu: Art. 9. — Les membres de la commission d'invalidité de wilaya qualifiée perçoivent une indemnité de présence dont le montant est fixé à deux mille dinars (2.000 DA) par séance."
9,Quel est le montant de l'indemnité de présence par dossier traité pour les membres des commissions de recours de sécurité sociale ?,Montant de l'indemnité de présence par dossier traité pour les membres des commissions de recours de la sécurité sociale en Algérie,4,F2009001.txt_regex_doc_11_art_1,0.447509765625,0.7965071797370911,regex,article,F2009001.txt,17,"Décret exécutif n° 08-415 du 26 Dhou El Hidja 1429 correspondant au 24 décembre 2008 fixant le nombre des membres, l’organisation et le fonctionnement des commissions locales de recours préalable qualifiées en matière de sécurité sociale.",Décret,,,,5396,False,"Source: Décret exécutif n° 08-415 du 26 Dhou El Hidja 1429 correspondant au 24 décembre 2008 fixant le nombre des membres, l’organisation et le fonctionnement des commissions locales de recours préalable qualifiées en matière de sécurité sociale. Contenu: Art. 2. — Le nombre des membres des commissions locales de recours préalable qualifiées est fixé comme suit : Au titre de la caisse nationale des assurances sociales des travailleurs salariés : — deux (2) représentants des travailleurs salariés dont un représentant titulaire et l’autre suppléant, proposés par les organisations syndicales des travailleurs les plus représentatives au niveau de la wilaya ; — deux (2) représentants des employeu"
9,Quel est le montant de l'indemnité de présence par dossier traité pour les membres des commissions de recours de sécurité sociale ?,Montant de l'indemnité de présence par dossier traité pour les membres des commissions de recours de la sécurité sociale en Algérie,5,F2009010.txt_regex_doc_11_art_12,0.337158203125,0.7766458988189697,regex,article,F2009010.txt,13,"Décret exécutif n° 09-72 du 11 Safar 1430 correspondant au 7 février 2009 fixant le nombre des membres, l’organisation et le fonctionnement de la commission technique à caractère médical.",Décret,,,,378,False,"Source: Décret exécutif n° 09-72 du 11 Safar 1430 correspondant au 7 février 2009 fixant le nombre des membres, l’organisation et le fonctionnement de la commission technique à caractère médical. Contenu: Art. 13. — Les membres de la commission technique à caractère médical perçoivent une indemnité de présence dont le montant est fixé à deux mille dinars (2000 DA) par séance."
10,Quel est le pourcentage du salaire national minimum garanti (SNMG) accordé à un détenu pour un travail « spécialisé » ?,Pourcentage du salaire national minimum garanti (SNMG) alloué à un détenu pour un emploi qualifié ou spécialisé,1,F2006007.txt_regex_doc_10_art_0,0.9013671875,0.8244662284851074,regex,article,F2006007.txt,28,Arrêté interministériel du 10 Dhou El Kaada 1426 correspondant au 12 décembre 2005 fixant le barème de la rémunération accordée à la main-d’œuvre pénale.,Arrêté,,,,562,False,"Source: Arrêté interministériel du 10 Dhou El Kaada 1426 correspondant au 12 décembre 2005 fixant le barème de la rémunération accordée à la main-d’œuvre pénale. Contenu: Article 1er. — En application des dispositions de l’article 162 de la loi n° 05-04 du 27 Dhou El Hidja 1425 correspondant au 6 février 2005, susvisée, une rémunération est accordée au détenu affecté à un travail éducatif. Le taux de la rémunération varie de 20% à 60% du salaire national minimum garanti, en fonction du degré de qualification conformément au barème annexé au présent arrêté."
10,Quel est le pourcentage du salaire national minimum garanti (SNMG) accordé à un détenu pour un travail « spécialisé » ?,Pourcentage du salaire national minimum garanti (SNMG) alloué à un détenu pour un emploi qualifié ou spécialisé,2,F2015008.txt_regex_doc_3_art_1,0.37841796875,0.6796971559524536,regex,article,F2015008.txt,10,Décret exécutif n° 15-59 du 18 Rabie Ethani 1436 correspondant au 8 février 2015 fixant les éléments constitutifs du salaire national minimum garanti.,Décret,,,,724,False,"Source: Décret exécutif n° 15-59 du 18 Rabie Ethani 1436 correspondant au 8 février 2015 fixant les éléments constitutifs du salaire national minimum garanti. Contenu: Art. 2. — Le salaire national minimum garanti (SNMG) comprend le salaire de base, les indemnités et primes de toute nature à l’exclusion de celles se rapportant : — aux remboursements de frais engagés par le travailleur ; — à l’expérience professionnelle ou toute indemnité rémunérant l’ancienneté ; — à l’organisation du travail concernant le travail posté, le service permanent et les heures supplémentaires ; — aux conditions d’isolement ; — au rendement, à l’intéressement ou à la participation aux résultats ayant un caractère "
10,Quel est le pourcentage du salaire national minimum garanti (SNMG) accordé à un détenu pour un travail « spécialisé » ?,Pourcentage du salaire national minimum garanti (SNMG) alloué à un détenu pour un emploi qualifié ou spécialisé,3,F2015001.txt_regex_doc_5_art_75,0.03643798828125,0.9451019167900085,regex,article,F2015001.txt,8,Loi n° 15-02 du 13 Rabie El Aouel 1436 correspondant au 4 janvier 2015 relative aux mutuelles sociales.,Loi,,,,1969,False,"Source: Loi n° 15-02 du 13 Rabie El Aouel 1436 correspondant au 4 janvier 2015 relative aux mutuelles sociales. Contenu: Art. 76. — Le taux de la cotisation au régime général de la mutuelle sociale donnant droit aux prestations du régime général, individuelles et collectives, appliqué sur l’assiette de cotisation de sécurité sociale, est fixé par les statuts de la mutuelle sociale comme suit : — taux maximum de 1.5% sur l’assiette ou la tranche d’assiette de cotisation de sécurité sociale dont le montant est inférieur à trois (3) fois le salaire national minimum garanti ; — taux compris entre 1.6% et 3% sur la tranche d’assiette de cotisation de sécurité sociale dont le montant est compris e"
10,Quel est le pourcentage du salaire national minimum garanti (SNMG) accordé à un détenu pour un travail « spécialisé » ?,Pourcentage du salaire national minimum garanti (SNMG) alloué à un détenu pour un emploi qualifié ou spécialisé,4,F2005012.txt_regex_doc_1_art_161,0.03125,0.912714958190918,regex,article,F2005012.txt,9,Loi n° 05-04 du 27 Dhou El Hidja 1425 correspondant au 6 février 2005 portant code de l'organisation pénitentiaire et de la réinsertion sociale des détenus.,Loi,,,,477,False,"Source: Loi n° 05-04 du 27 Dhou El Hidja 1425 correspondant au 6 février 2005 portant code de l'organisation pénitentiaire et de la réinsertion sociale des détenus. Contenu: Art. 162. — A l'exception des tâches auxquelles les détenus sont affectés en vertu de l'article 81 de la présente loi, une rémunération est accordée au détenu pour tout travail fourni selon un barème arrêté conjointement par le ministre de la justice, garde des sceaux, et le ministre chargé du travail."
10,Quel est le pourcentage du salaire national minimum garanti (SNMG) accordé à un détenu pour un travail « spécialisé » ?,Pourcentage du salaire national minimum garanti (SNMG) alloué à un détenu pour un emploi qualifié ou spécialisé,5,F2015001.txt_regex_doc_5_art_22,0.0222930908203125,0.9881188869476318,regex,article,F2015001.txt,8,Loi n° 15-02 du 13 Rabie El Aouel 1436 correspondant au 4 janvier 2015 relative aux mutuelles sociales.,Loi,,,,2171,False,"Source: Loi n° 15-02 du 13 Rabie El Aouel 1436 correspondant au 4 janvier 2015 relative aux mutuelles sociales. Contenu: Art. 23. — L’adhésion à la retraite complémentaire des travailleurs salariés prévue à l’article 21 ci-dessus, donne lieu à versement de cotisations à la charge des bénéficiaires et des employeurs concernés. Les cotisations de retraite complémentaire des travailleurs non-salariés sont à la charge exclusive des bénéficiaires. Le taux global de cotisation de la retraite complémentaire est fixé par les statuts de la mutuelle sociale comme suit : — un taux de 3% sur l’assiette ou la tranche d’assiette de cotisation de sécurité sociale dont le montant est inférieur à trois (3) f"
